,City,Lat,Lng,Max Temp,Humidity,Cloudiness,Wind Speed,Country,Date
0,Hovd,48.0056,91.6419,34.92,43,78,1.3,MN,2021-10-22 21:50:24
1,Namibe,-15.1961,12.1522,65.01,70,4,11.48,AO,2021-10-22 21:50:25
2,Provideniya,64.3833,-173.3,26.76,67,100,9.04,RU,2021-10-22 21:50:25
3,Ushuaia,-54.8,-68.3,51.46,43,40,13.8,AR,2021-10-22 21:50:25
4,Albany,42.6001,-73.9662,56.26,65,100,7.11,US,2021-10-22 21:48:10
5,Vila Velha,-20.3297,-40.2925,73.35,78,75,5.75,BR,2021-10-22 21:50:26
6,Khatanga,71.9667,102.5,-4.14,100,99,4.29,RU,2021-10-22 21:50:26
7,Hilo,19.7297,-155.09,85.28,65,1,5.75,US,2021-10-22 21:49:28
8,Margate,51.3813,1.3862,52.7,77,77,1.99,GB,2021-10-22 21:50:26
9,Kaitangata,-46.2817,169.8464,58.24,65,100,2.77,NZ,2021-10-22 21:50:27
10,Avarua,-21.2078,-159.775,73.45,60,90,4.61,CK,2021-10-22 21:50:27
11,Mataura,-46.1927,168.8643,62.53,56,100,1.14,NZ,2021-10-22 21:50:27
12,Port Shepstone,-30.7414,30.455,66.56,83,4,4.81,ZA,2021-10-22 21:47:14
13,Aklavik,68.2191,-135.0107,36.32,85,100,18.01,CA,2021-10-22 21:50:28
14,Butaritari,3.0707,172.7902,82.54,78,94,17.4,KI,2021-10-22 21:50:28
15,Hofn,64.2539,-15.2082,45.27,97,100,13.06,IS,2021-10-22 21:50:28
16,Muros,42.7762,-9.0603,54.09,84,0,10.27,ES,2021-10-22 21:50:29
17,Luderitz,-26.6481,15.1594,56.03,89,0,7.49,NA,2021-10-22 21:50:29
18,Cherskiy,68.75,161.3,-4.04,100,100,2.71,RU,2021-10-22 21:50:29
19,Alanya,36.5438,31.9998,68.68,40,0,4.09,TR,2021-10-22 21:50:30
20,Atar,20.5169,-13.0499,79.45,19,27,6.64,MR,2021-10-22 21:50:30
21,Kenai,60.5544,-151.2583,39.15,87,90,12.66,US,2021-10-22 21:50:30
22,Hervey Bay,-25.2986,152.8535,80.04,83,23,15.03,AU,2021-10-22 21:50:31
23,Teya,60.3778,92.6267,35.19,79,100,14.27,RU,2021-10-22 21:50:31
24,Kirakira,-10.4544,161.9205,83.86,63,24,9.01,SB,2021-10-22 21:50:31
25,Katsuura,35.1333,140.3,55.51,77,19,13.33,JP,2021-10-22 21:50:31
26,Nikolskoye,59.7035,30.7861,45.88,70,100,14.85,RU,2021-10-22 21:50:32
27,Cape Town,-33.9258,18.4232,59.34,86,75,5.01,ZA,2021-10-22 21:50:32
28,Serebryansk,49.6925,83.2892,33.35,85,54,1.59,KZ,2021-10-22 21:50:32
29,Jamestown,42.097,-79.2353,50.09,76,75,5.75,US,2021-10-22 21:47:12
30,Port Alfred,-33.5906,26.891,62.37,85,81,9.17,ZA,2021-10-22 21:50:33
31,Stende,57.15,22.5333,47.14,76,70,7.05,LV,2021-10-22 21:50:33
32,Thompson,55.7435,-97.8558,35.76,75,90,6.91,CA,2021-10-22 21:49:20
33,Grindavik,63.8424,-22.4338,46.87,93,90,27.63,IS,2021-10-22 21:50:33
34,Hermanus,-34.4187,19.2345,59.81,89,100,28.25,ZA,2021-10-22 21:50:34
35,Hithadhoo,-0.6,73.0833,81.3,74,39,9.24,MV,2021-10-22 21:50:34
36,Cabo San Lucas,22.8909,-109.9124,89.62,67,0,9.37,MX,2021-10-22 21:50:32
37,Rikitea,-23.1203,-134.9692,74.25,82,100,21.52,PF,2021-10-22 21:47:05
38,Ayorou,14.7308,0.9174,95.58,25,88,1.36,NE,2021-10-22 21:50:34
39,Stephenville,32.2207,-98.2023,84.54,49,1,5.75,US,2021-10-22 21:50:35
40,Hobart,-42.8794,147.3294,54.01,93,75,14.97,AU,2021-10-22 21:50:35
41,Raichur,16.2,77.3667,71.62,64,64,6.82,IN,2021-10-22 21:50:36
42,Bambous Virieux,-20.3428,57.7575,73.22,100,75,3.44,MU,2021-10-22 21:50:36
43,Mandalgovi,45.7625,106.2708,32.34,36,58,4.83,MN,2021-10-22 21:50:36
44,Zvishavane,-20.3267,30.0665,75.97,38,34,3.96,ZW,2021-10-22 21:50:36
45,Alta Floresta,-9.8756,-56.0861,76.21,83,100,6.04,BR,2021-10-22 21:50:37
46,Vila Franca Do Campo,37.7167,-25.4333,70.21,77,87,5.17,PT,2021-10-22 21:50:37
47,Yar-Sale,66.8333,70.8333,27.91,93,99,7.87,RU,2021-10-22 21:50:37
48,Cravo Norte,6.3017,-70.2041,83.05,67,99,5.82,CO,2021-10-22 21:50:38
49,Kavieng,-2.5744,150.7967,82.54,75,80,10.87,PG,2021-10-22 21:50:38
50,Jumla,29.2747,82.1838,48.13,89,8,3.85,NP,2021-10-22 21:50:38
51,Georgetown,5.4112,100.3354,78.75,90,40,0.0,MY,2021-10-22 21:50:39
52,Qaqortoq,60.7167,-46.0333,37.38,97,100,5.75,GL,2021-10-22 21:50:39
53,Nanortalik,60.1432,-45.2371,38.91,96,100,8.79,GL,2021-10-22 21:50:39
54,Roros,62.5747,11.3842,31.84,93,90,3.44,NO,2021-10-22 21:50:40
55,Hamilton,39.1834,-84.5333,53.89,94,90,6.91,US,2021-10-22 21:48:06
56,Maraa,-1.8333,-65.3667,78.53,83,73,3.13,BR,2021-10-22 21:50:40
57,Carira,-10.3608,-37.7011,73.17,86,64,9.53,BR,2021-10-22 21:50:40
58,Cidreira,-30.1811,-50.2056,65.41,85,0,6.78,BR,2021-10-22 21:50:41
59,Paamiut,61.994,-49.6678,35.38,70,36,15.5,GL,2021-10-22 21:50:41
60,Itarema,-2.9248,-39.9167,80.96,78,100,13.98,BR,2021-10-22 21:50:41
61,Litovko,49.2361,135.1742,31.39,81,10,2.53,RU,2021-10-22 21:50:42
62,Punta Arenas,-53.15,-70.9167,42.91,81,75,27.63,CL,2021-10-22 21:50:42
63,Bluff,-46.6,168.3333,54.93,65,100,0.92,NZ,2021-10-22 21:50:42
64,Victoria,22.2855,114.1577,67.24,80,98,7.0,HK,2021-10-22 21:46:56
65,Bredasdorp,-34.5322,20.0403,61.92,55,99,10.36,ZA,2021-10-22 21:50:43
66,East London,-33.0153,27.9116,63.12,84,29,9.71,ZA,2021-10-22 21:50:43
67,Ghanzi,-21.5667,21.7833,74.25,21,9,6.73,BW,2021-10-22 21:50:43
68,Port Elizabeth,-33.918,25.5701,61.11,86,94,3.4,ZA,2021-10-22 21:50:43
69,San Carlos,9.6612,-68.5827,79.77,69,90,3.13,VE,2021-10-22 21:50:44
70,Qaanaaq,77.484,-69.3632,-1.16,65,0,8.7,GL,2021-10-22 21:50:44
71,Faya,18.3851,42.4509,61.32,34,24,6.22,SA,2021-10-22 21:50:44
72,Fort Saint James,54.4333,-124.25,54.75,42,49,6.24,CA,2021-10-22 21:50:45
73,Chokurdakh,70.6333,147.9167,-13.86,99,99,2.71,RU,2021-10-22 21:50:45
74,Cururupu,-1.8283,-44.8683,78.06,84,98,3.83,BR,2021-10-22 21:50:45
75,Jiuquan,39.7432,98.5174,39.4,39,12,2.33,CN,2021-10-22 21:50:46
76,Carballo,43.213,-8.691,53.87,88,0,3.71,ES,2021-10-22 21:50:46
77,Acarau,-2.8856,-40.12,81.14,79,100,14.92,BR,2021-10-22 21:47:07
78,Merauke,-8.4667,140.3333,79.97,78,97,10.63,ID,2021-10-22 21:50:46
79,Touros,-5.1989,-35.4608,81.5,82,75,11.23,BR,2021-10-22 21:50:47
80,Severo-Kurilsk,50.6789,156.125,38.5,73,96,9.37,RU,2021-10-22 21:50:47
81,Sola,-13.8833,167.55,84.87,74,40,0.0,VU,2021-10-22 21:50:47
82,Laguna,38.421,-121.4238,70.11,62,20,5.99,US,2021-10-22 21:50:48
83,Trairi,-3.2778,-39.2689,80.22,77,58,9.8,BR,2021-10-22 21:50:21
84,Najran,17.4924,44.1277,70.45,35,6,1.39,SA,2021-10-22 21:50:48
85,Muyezerskiy,63.9333,31.65,31.28,94,100,15.88,RU,2021-10-22 21:50:48
86,Tuktoyaktuk,69.4541,-133.0374,30.2,100,90,10.36,CA,2021-10-22 21:50:49
87,Castro,-24.7911,-50.0119,61.0,71,1,2.89,BR,2021-10-22 21:50:49
88,Kodiak,57.79,-152.4072,44.11,65,75,14.97,US,2021-10-22 21:50:49
89,Petrolina,-9.3986,-40.5008,82.45,69,0,10.36,BR,2021-10-22 21:50:50
90,Longyearbyen,78.2186,15.6401,17.44,86,75,2.3,SJ,2021-10-22 21:50:50
91,Laredo,27.5064,-99.5075,91.69,46,40,3.44,US,2021-10-22 21:46:33
92,Hobyo,5.3505,48.5268,78.73,83,9,11.18,SO,2021-10-22 21:50:50
93,Tagusao,9.1924,117.8141,80.2,83,100,3.83,PH,2021-10-22 21:50:51
94,Fort Nelson,58.8053,-122.7002,42.39,75,75,2.3,CA,2021-10-22 21:50:51
95,Atuona,-9.8,-139.0333,78.01,77,32,18.34,PF,2021-10-22 21:50:51
96,Souillac,-20.5167,57.5167,73.36,100,75,3.44,MU,2021-10-22 21:50:52
97,Palmer,42.1584,-72.3287,66.13,60,75,1.01,US,2021-10-22 21:49:45
98,Torbay,47.6666,-52.7314,52.68,81,75,8.05,CA,2021-10-22 21:50:52
99,New Norfolk,-42.7826,147.0587,53.65,87,100,1.03,AU,2021-10-22 21:50:52
100,Chernyakhovsk,54.6335,21.8156,42.91,79,100,14.07,RU,2021-10-22 21:50:53
101,Odweyne,9.4092,45.064,72.72,37,2,11.79,SO,2021-10-22 21:50:53
102,Kamenka,51.3223,42.7678,48.63,78,9,8.3,RU,2021-10-22 21:50:53
103,Nuuk,64.1835,-51.7216,29.88,58,0,28.99,GL,2021-10-22 21:50:53
104,Vaini,-21.2,-175.2,77.16,78,75,10.36,TO,2021-10-22 21:50:54
105,Pevek,69.7008,170.3133,12.52,91,100,7.18,RU,2021-10-22 21:50:54
106,Barrow,71.2906,-156.7887,30.22,86,90,4.61,US,2021-10-22 21:50:03
107,Lebu,-37.6167,-73.65,51.98,70,2,19.77,CL,2021-10-22 21:50:55
108,Ordzhonikidze,52.4411,61.7408,46.04,61,75,23.06,KZ,2021-10-22 21:50:55
109,Artyom,40.4723,50.333,60.94,71,95,17.02,AZ,2021-10-22 21:50:55
110,Saint Anthony,45.0205,-93.218,50.95,51,1,1.01,US,2021-10-22 21:50:56
111,Gamba,-2.65,10.0,76.57,86,99,7.23,GA,2021-10-22 21:50:56
112,Bengkulu,-3.8004,102.2655,74.93,88,100,3.02,ID,2021-10-22 21:50:56
113,Chuy,-33.6971,-53.4616,58.89,75,22,6.87,UY,2021-10-22 21:50:57
114,Luganville,-15.5333,167.1667,82.17,77,44,3.38,VU,2021-10-22 21:50:57
115,Aloleng,16.1307,119.7824,78.49,82,66,5.48,PH,2021-10-22 21:50:57
116,Yellowknife,62.456,-114.3525,45.41,68,40,8.99,CA,2021-10-22 21:48:44
117,Kieta,-6.2167,155.6333,82.06,75,44,3.6,PG,2021-10-22 21:50:58
118,Turbat,26.0023,63.044,74.03,17,0,11.7,PK,2021-10-22 21:50:58
119,Tandil,-37.3217,-59.1332,58.3,82,100,3.0,AR,2021-10-22 21:49:58
120,Ponta Do Sol,32.6667,-17.1,70.0,66,23,8.75,PT,2021-10-22 21:50:58
121,Mar Del Plata,-38.0023,-57.5575,57.09,85,90,3.0,AR,2021-10-22 21:50:59
122,Susanville,40.4163,-120.653,53.82,57,75,10.0,US,2021-10-22 21:50:59
123,Dinahican,14.7167,121.7167,78.98,84,100,16.84,PH,2021-10-22 21:50:59
124,Mazyr,52.0495,29.2456,44.42,58,20,12.88,BY,2021-10-22 21:50:59
125,Tiksi,71.6872,128.8694,3.24,99,100,2.55,RU,2021-10-22 21:51:00
126,Libreville,0.3925,9.4537,78.82,89,20,8.05,GA,2021-10-22 21:51:00
127,Fukue,32.6881,128.8419,63.57,68,74,21.72,JP,2021-10-22 21:51:01
128,Constitucion,-35.3333,-72.4167,54.36,71,0,20.0,CL,2021-10-22 21:51:01
129,Skjervoy,70.0311,20.9714,34.34,56,99,4.88,NO,2021-10-22 21:51:01
130,Zhengjiatun,43.5064,123.5064,37.63,50,0,5.3,CN,2021-10-22 21:51:02
131,Port Blair,11.6667,92.75,79.2,85,100,3.74,IN,2021-10-22 21:51:02
132,Upernavik,72.7868,-56.1549,18.0,91,100,8.21,GL,2021-10-22 21:51:03
133,Marawi,7.9986,124.2928,67.64,93,100,2.04,PH,2021-10-22 21:51:03
134,Zverinogolovskoye,54.4586,64.8542,45.39,71,100,18.61,RU,2021-10-22 21:51:03
135,Les Cayes,18.2,-73.75,82.72,75,40,8.93,HT,2021-10-22 21:51:04
136,Vao,-22.6667,167.4833,72.68,79,1,2.3,NC,2021-10-22 21:51:04
137,Asau,46.4333,26.4,55.76,68,100,5.03,RO,2021-10-22 21:51:04
138,Quatre Cocos,-20.2078,57.7625,73.09,82,84,10.85,MU,2021-10-22 21:51:04
139,Saskylakh,71.9167,114.0833,-6.27,100,95,2.77,RU,2021-10-22 21:51:05
140,Palmas De Monte Alto,-14.2672,-43.1619,82.02,56,100,3.89,BR,2021-10-22 21:51:05
141,Dikson,73.5069,80.5464,14.47,85,100,15.26,RU,2021-10-22 21:51:05
142,Suez,29.9737,32.5263,68.0,70,0,9.15,EG,2021-10-22 21:47:38
143,Kroya,-7.6331,109.2461,76.86,89,96,5.61,ID,2021-10-22 21:51:06
144,Kalmunai,7.4167,81.8167,78.55,84,84,6.87,LK,2021-10-22 21:51:06
145,Isangel,-19.55,169.2667,80.71,78,20,0.0,VU,2021-10-22 21:51:06
146,Mahibadhoo,3.7833,72.9667,81.82,71,65,12.15,MV,2021-10-22 21:51:07
147,Manavalakurichi,8.1333,77.3,80.69,85,97,3.22,IN,2021-10-22 21:51:07
148,Namatanai,-3.6667,152.4333,81.54,72,92,8.93,PG,2021-10-22 21:51:07
149,Rambha,19.5167,85.1,74.25,66,23,4.59,IN,2021-10-22 21:51:08
150,Sitka,57.0531,-135.33,51.69,76,90,19.57,US,2021-10-22 21:51:08
151,Airai,-8.9266,125.4092,64.49,67,100,1.03,TL,2021-10-22 21:51:08
152,Khorixas,-20.3667,14.9667,59.27,39,0,6.96,NA,2021-10-22 21:51:09
153,Conceicao Da Barra,-18.5933,-39.7322,72.7,81,99,5.93,BR,2021-10-22 21:51:09
154,Christchurch,-43.5333,172.6333,59.32,65,75,3.0,NZ,2021-10-22 21:46:14
155,Okha,53.5739,142.9478,36.09,83,100,15.77,RU,2021-10-22 21:51:09
156,Husavik,66.0449,-17.3389,31.91,94,100,6.98,IS,2021-10-22 21:51:10
157,Sucua,-2.4667,-78.1667,74.14,83,75,6.91,EC,2021-10-22 21:51:10
158,Novyy Urengoy,66.0833,76.6333,28.22,96,91,5.08,RU,2021-10-22 21:51:10
159,Padang,-0.9492,100.3543,77.38,87,99,3.94,ID,2021-10-22 21:51:11
160,North Bend,43.4065,-124.2243,60.93,91,75,12.66,US,2021-10-22 21:51:11
161,Busselton,-33.65,115.3333,45.09,82,3,6.49,AU,2021-10-22 21:51:11
162,Bam,29.106,58.357,61.84,28,3,8.84,IR,2021-10-22 21:47:43
163,Faanui,-16.4833,-151.75,78.28,79,39,10.02,PF,2021-10-22 21:51:12
164,Rawlins,41.7911,-107.2387,63.03,24,1,18.41,US,2021-10-22 21:51:12
165,Aksu,41.1231,80.2644,52.57,48,100,6.69,CN,2021-10-22 21:51:12
166,La Ronge,55.1001,-105.2842,35.85,64,20,10.36,CA,2021-10-22 21:51:13
167,Puerto Ayora,-0.7393,-90.3518,75.16,80,69,9.73,EC,2021-10-22 21:51:13
168,Bose,45.4612,8.0137,54.82,79,0,5.44,IT,2021-10-22 21:51:13
169,Ribeira Grande,38.5167,-28.7,69.39,81,77,6.53,PT,2021-10-22 21:51:13
170,Newtownards,54.5924,-5.6909,50.52,88,90,3.0,GB,2021-10-22 21:51:14
171,Disna,55.568,28.1971,42.94,82,100,18.39,BY,2021-10-22 21:51:14
172,Rocha,-34.4833,-54.3333,59.04,85,79,4.29,UY,2021-10-22 21:51:14
173,Omboue,-1.5746,9.2618,76.78,85,100,7.0,GA,2021-10-22 21:51:15
174,Cap Malheureux,-19.9842,57.6142,73.47,81,70,1.99,MU,2021-10-22 21:51:15
175,Kudahuvadhoo,2.6708,72.8944,82.02,71,33,10.29,MV,2021-10-22 21:51:15
176,Mahebourg,-20.4081,57.7,73.26,100,75,3.44,MU,2021-10-22 21:51:16
177,Sorkjosen,69.8,20.9333,24.01,72,100,7.76,NO,2021-10-22 21:51:16
178,Guerrero Negro,27.9769,-114.0611,73.22,63,0,16.91,MX,2021-10-22 21:51:16
179,Shagonar,51.5333,92.8,36.5,57,73,0.92,RU,2021-10-22 21:51:17
180,Luba,3.4568,8.5547,77.68,83,99,2.3,GQ,2021-10-22 21:51:17
181,Avera,33.194,-82.5271,81.28,44,3,8.72,US,2021-10-22 21:51:17
182,Lata,40.1629,-8.3327,58.82,77,0,3.18,PT,2021-10-22 21:51:17
183,Labuhan,-6.8844,112.2051,79.88,78,100,6.06,ID,2021-10-22 21:51:18
184,Lasa,46.6166,10.7002,47.66,91,31,4.63,IT,2021-10-22 21:51:18
185,Oudtshoorn,-33.5907,22.2014,62.96,51,100,9.62,ZA,2021-10-22 21:51:18
186,Changping,40.2186,116.2197,35.24,42,17,3.31,CN,2021-10-22 21:51:19
187,Narasannapeta,18.4167,84.05,76.32,85,92,4.52,IN,2021-10-22 21:51:19
188,Itaobim,-16.5667,-41.8333,72.34,83,67,4.05,BR,2021-10-22 21:51:19
189,Dzerzhinskoye,56.8344,95.2283,40.71,76,100,10.0,RU,2021-10-22 21:51:20
190,Olinda,-8.0089,-34.8553,82.13,74,40,8.05,BR,2021-10-22 21:51:20
191,Sao Joao Da Barra,-21.6403,-41.0511,73.49,75,10,8.37,BR,2021-10-22 21:51:20
192,Saint George,37.1041,-113.5841,82.63,20,1,1.01,US,2021-10-22 21:51:21
193,Kununurra,-15.7667,128.7333,78.78,94,4,5.75,AU,2021-10-22 21:51:21
194,Huarmey,-10.0681,-78.1522,67.19,78,17,10.89,PE,2021-10-22 21:51:21
195,Nokaneng,-19.6667,22.2667,77.67,46,35,5.28,BW,2021-10-22 21:51:22
196,Beringovskiy,63.05,179.3167,17.69,85,100,15.3,RU,2021-10-22 21:51:22
197,Walvis Bay,-22.9575,14.5053,60.1,88,0,2.3,NA,2021-10-22 21:51:22
198,Tomakomai,42.6369,141.6033,41.16,100,20,5.75,JP,2021-10-22 21:51:23
199,Shu,43.5983,73.7614,38.52,72,25,5.32,KZ,2021-10-22 21:51:23
200,San Cristobal,7.7669,-72.225,80.78,71,12,3.58,VE,2021-10-22 21:46:44
201,Kruisfontein,-34.0033,24.7314,58.89,85,98,4.85,ZA,2021-10-22 21:51:23
202,Matara,5.9485,80.5353,77.63,80,31,5.41,LK,2021-10-22 21:51:24
203,Yangambi,0.8102,24.4336,68.16,91,95,2.13,CD,2021-10-22 21:51:24
204,Yatou,37.15,122.3833,48.0,67,8,5.3,CN,2021-10-22 21:51:25
205,Mao,39.8885,4.2658,64.96,68,20,17.27,ES,2021-10-22 21:51:15
206,Elliot Lake,46.3834,-82.6331,42.89,66,97,5.64,CA,2021-10-22 21:51:25
207,Tabou,4.423,-7.3528,76.73,90,100,6.71,CI,2021-10-22 21:51:25
208,Medea,36.2642,2.7539,54.05,91,30,1.03,DZ,2021-10-22 21:51:26
209,Shubarshi,48.5872,57.1869,48.76,71,97,14.2,KZ,2021-10-22 21:51:26
210,Saint-Philippe,-21.3585,55.7679,72.99,80,12,8.39,RE,2021-10-22 21:51:26
211,High Level,58.5169,-117.136,42.91,61,75,12.66,CA,2021-10-22 21:51:27
212,Benguela,-12.5763,13.4055,74.26,74,14,4.94,AO,2021-10-22 21:51:27
213,Bethel,41.3712,-73.414,66.29,68,90,4.61,US,2021-10-22 21:51:27
214,Zhangjiakou,40.81,114.8794,38.39,43,0,1.59,CN,2021-10-22 21:51:28
215,Boende,-0.2167,20.8667,69.12,89,81,1.34,CD,2021-10-22 21:51:28
216,Broken Hill,-31.95,141.4333,60.51,63,22,19.57,AU,2021-10-22 21:47:29
217,Kuala Lipis,4.1842,102.0468,72.14,99,99,0.92,MY,2021-10-22 21:51:28
218,Biryusinsk,55.9634,97.8235,42.03,79,75,10.85,RU,2021-10-22 21:51:29
219,Krasnyy Oktyabr,56.1167,38.8833,42.3,72,37,11.92,RU,2021-10-22 21:51:29
220,Puerto Madryn,-42.7692,-65.0385,61.11,28,1,23.51,AR,2021-10-22 21:51:29
221,Russell,32.3502,-85.1999,81.68,46,1,12.66,US,2021-10-22 21:51:30
222,Hirara,24.8,125.2833,73.67,56,75,13.8,JP,2021-10-22 21:51:30
223,Lompoc,34.6391,-120.4579,78.08,66,75,10.36,US,2021-10-22 21:51:30
224,Egvekinot,66.3167,-179.1667,11.59,85,100,6.58,RU,2021-10-22 21:51:31
225,Praia Da Vitoria,38.7333,-27.0667,71.85,78,20,5.73,PT,2021-10-22 21:51:31
226,Geraldton,-28.7667,114.6,50.41,93,0,6.91,AU,2021-10-22 21:51:31
227,Topolobampo,25.6,-109.05,92.05,46,0,17.25,MX,2021-10-22 21:51:31
228,Tinton Falls,40.3043,-74.1004,69.17,62,36,1.99,US,2021-10-22 21:51:32
229,Lima,-12.0432,-77.0282,62.13,77,75,13.8,PE,2021-10-22 21:51:17
230,Kamaishi,39.2667,141.8833,47.08,79,48,8.01,JP,2021-10-22 21:51:32
231,Johi,26.6921,67.6133,81.43,23,0,8.95,PK,2021-10-22 21:51:32
232,Debre Tabor,11.85,38.0167,53.85,59,90,2.93,ET,2021-10-22 21:51:33
233,Ossora,59.2353,163.0719,21.25,64,66,4.0,RU,2021-10-22 21:51:33
234,Sambava,-14.2667,50.1667,72.99,94,64,4.03,MG,2021-10-22 21:51:33
235,Plettenberg Bay,-34.0527,23.3716,60.64,80,93,3.53,ZA,2021-10-22 21:51:34
236,Kapaa,22.0752,-159.319,82.38,88,40,5.01,US,2021-10-22 21:48:50
237,Bathsheba,13.2167,-59.5167,84.81,70,40,24.16,BB,2021-10-22 21:51:34
238,Sirohi,24.8833,72.8667,68.16,66,0,5.66,IN,2021-10-22 21:51:34
239,Tessalit,20.1986,1.0114,83.35,21,1,8.95,ML,2021-10-22 21:51:35
240,Port-Gentil,-0.7193,8.7815,78.76,89,90,9.22,GA,2021-10-22 21:51:35
241,Sur,22.5667,59.5289,81.03,63,5,6.55,OM,2021-10-22 21:51:35
242,Puerto El Triunfo,13.2833,-88.55,83.16,75,48,5.57,SV,2021-10-22 21:51:36
243,Lakatoro,-16.0999,167.4164,82.38,75,45,3.85,VU,2021-10-22 21:51:36
244,Lar,26.2039,83.9717,70.14,66,0,2.89,IN,2021-10-22 21:51:36
245,Ughelli,5.4899,6.0074,73.04,97,100,2.51,NG,2021-10-22 21:51:37
246,Araouane,18.9048,-3.5265,82.27,20,7,7.63,ML,2021-10-22 21:51:37
247,Hay River,60.8156,-115.7999,42.78,61,75,17.27,CA,2021-10-22 21:48:46
248,Umm Kaddadah,13.6017,26.6876,84.63,24,18,10.92,SD,2021-10-22 21:51:37
249,Codrington,-38.2667,141.9667,54.37,85,93,9.06,AU,2021-10-22 21:51:38
250,Ahipara,-35.1667,173.1667,60.08,94,100,20.71,NZ,2021-10-22 21:51:38
251,Flin Flon,54.7682,-101.865,35.44,75,90,3.44,CA,2021-10-22 21:51:38
252,Senigallia,43.7093,13.2167,62.1,75,94,1.01,IT,2021-10-22 21:51:39
253,Tongliao,43.6125,122.2653,37.6,50,0,6.04,CN,2021-10-22 21:48:46
254,Naduvattam,11.4833,76.5667,55.53,96,100,2.73,IN,2021-10-22 21:51:39
255,Karratha,-20.7377,116.8463,80.4,30,18,8.88,AU,2021-10-22 21:51:39
256,Finschhafen,-6.6024,147.8681,80.87,75,100,14.54,PG,2021-10-22 21:51:40
257,Ilulissat,69.2167,-51.1,1.24,79,14,7.25,GL,2021-10-22 21:51:40
258,Poum,-20.2333,164.0167,74.12,76,3,8.5,NC,2021-10-22 21:51:40
259,Bilibino,68.0546,166.4372,-3.77,99,100,1.39,RU,2021-10-22 21:51:41
260,Gushikawa,26.3544,127.8686,72.63,62,90,10.36,JP,2021-10-22 21:51:41
261,Tasiilaq,65.6145,-37.6368,30.11,80,100,9.01,GL,2021-10-22 21:51:41
262,Te Anau,-45.4167,167.7167,57.16,70,99,0.45,NZ,2021-10-22 21:51:42
263,Prieska,-29.6641,22.7474,61.54,38,6,7.34,ZA,2021-10-22 21:51:42
264,Cayenne,4.9333,-52.3333,82.44,82,92,1.01,GF,2021-10-22 21:47:38
265,Shache,38.4167,77.2406,48.27,29,99,9.48,CN,2021-10-22 21:51:43
266,Sakakah,29.9697,40.2064,72.97,30,0,9.44,SA,2021-10-22 21:51:43
267,Waingapu,-9.6567,120.2641,78.1,78,100,3.02,ID,2021-10-22 21:51:43
268,Ola,59.5833,151.2833,20.39,85,100,12.71,RU,2021-10-22 21:51:44
269,Livingstonia,-10.606,34.1063,66.76,67,38,2.17,MW,2021-10-22 21:51:44
270,Chinna Salem,11.65,78.9,76.71,90,99,2.04,IN,2021-10-22 21:51:44
271,Antsohihy,-14.8796,47.9875,77.0,77,71,1.36,MG,2021-10-22 21:51:45
272,Kallithea,37.95,23.7,69.46,78,0,1.99,GR,2021-10-22 21:51:45
273,Ancud,-41.8697,-73.8203,54.93,66,69,13.38,CL,2021-10-22 21:51:46
274,Sorland,67.667,12.6934,41.43,49,100,6.17,NO,2021-10-22 21:51:46
275,Ostrovnoy,68.0531,39.5131,34.52,63,100,24.23,RU,2021-10-22 21:51:46
276,Lamu,-2.2717,40.902,75.42,80,28,9.78,KE,2021-10-22 21:51:14
277,Ust-Kuyga,70.0167,135.6,-12.55,100,86,2.62,RU,2021-10-22 21:51:47
278,Nacogdoches,31.6002,-94.6335,86.11,46,1,5.75,US,2021-10-22 21:49:52
279,Dongkan,33.9997,119.8308,52.38,69,100,4.32,CN,2021-10-22 21:51:47
280,Dongsheng,39.8161,109.9776,36.45,57,40,9.04,CN,2021-10-22 21:51:47
281,Coquimbo,-29.9533,-71.3436,60.53,77,20,14.97,CL,2021-10-22 21:48:40
282,Marica,-22.9194,-42.8186,73.56,78,11,10.56,BR,2021-10-22 21:49:18
283,Riverton,40.5219,-111.9391,73.44,27,1,1.01,US,2021-10-22 21:51:48
284,Thanh Hoa,19.8,105.7667,62.29,71,100,9.31,VN,2021-10-22 21:51:48
285,Thinadhoo,0.5333,72.9333,82.71,69,19,11.16,MV,2021-10-22 21:51:48
286,San Patricio,28.017,-97.5169,88.48,52,100,9.46,US,2021-10-22 21:51:49
287,Mount Pleasant,32.7941,-79.8626,81.05,74,1,7.0,US,2021-10-22 21:49:15
288,Dunedin,-45.8742,170.5036,56.8,63,100,13.0,NZ,2021-10-22 21:51:49
289,Pleasanton,37.6624,-121.8747,67.12,65,99,1.99,US,2021-10-22 21:48:09
290,Paramonga,-10.6667,-77.8333,65.01,81,24,10.58,PE,2021-10-22 21:51:50
291,Kousseri,12.0769,15.0306,84.16,65,96,2.3,CM,2021-10-22 21:51:50
292,Tremedal,-14.9758,-41.4108,76.26,70,88,5.7,BR,2021-10-22 21:51:50
293,Pompeu,-19.2244,-44.9353,72.21,61,6,4.63,BR,2021-10-22 21:51:51
294,Bentiu,9.2333,29.8333,77.0,67,76,4.5,SS,2021-10-22 21:51:51
295,Kisszallas,46.2801,19.4895,53.58,87,99,6.29,HU,2021-10-22 21:51:51
296,New Glasgow,45.5834,-62.6486,67.78,89,89,15.61,CA,2021-10-22 21:51:52
297,Shimoda,34.6667,138.95,53.71,79,54,6.69,JP,2021-10-22 21:51:52
298,Coihaique,-45.5752,-72.0662,49.95,46,75,13.8,CL,2021-10-22 21:51:02
299,Qiongshan,20.0058,110.3542,71.58,78,90,11.18,CN,2021-10-22 21:51:53
300,Elko,41.0002,-115.5012,66.74,18,100,13.0,US,2021-10-22 21:51:53
301,Minsk,53.9,27.5667,42.55,75,99,21.25,BY,2021-10-22 21:48:15
302,Vrangel,42.7297,133.0839,40.84,67,0,9.48,RU,2021-10-22 21:51:53
303,Norman Wells,65.282,-126.8329,42.84,70,75,19.57,CA,2021-10-22 21:51:54
304,Arraial Do Cabo,-22.9661,-42.0278,71.46,78,0,14.97,BR,2021-10-22 21:49:06
305,Tottori,35.5,134.2333,57.27,67,40,21.85,JP,2021-10-22 21:51:54
306,Bandarbeyla,9.4942,50.8122,77.25,79,75,5.88,SO,2021-10-22 21:51:54
307,Sorata,-15.7667,-68.6333,52.43,79,54,10.2,BO,2021-10-22 21:51:55
308,Pangody,65.85,74.4859,26.91,97,99,6.71,RU,2021-10-22 21:51:55
309,Tomball,30.0972,-95.6161,88.54,57,1,3.44,US,2021-10-22 21:50:35
310,Leningradskiy,69.3833,178.4167,3.43,86,20,8.57,RU,2021-10-22 21:51:55
311,Deputatskiy,69.3,139.9,-5.12,99,99,0.96,RU,2021-10-22 21:51:56
312,Buin,-33.7333,-70.75,70.12,37,21,10.11,CL,2021-10-22 21:51:56
313,Korla,41.7597,86.1469,55.44,24,100,9.6,CN,2021-10-22 21:51:56
314,Yamada,39.4667,141.95,45.9,79,55,6.78,JP,2021-10-22 21:51:57
315,Gillette,44.2911,-105.5022,65.32,36,1,8.05,US,2021-10-22 21:51:26
316,Talnakh,69.4865,88.3972,22.55,94,100,4.18,RU,2021-10-22 21:51:57
317,Itoman,26.1247,127.6694,73.42,62,75,16.11,JP,2021-10-22 21:51:57
318,Berlevag,70.8578,29.0864,33.96,61,100,18.34,NO,2021-10-22 21:51:58
319,Olafsvik,64.8945,-23.7142,42.66,94,100,23.2,IS,2021-10-22 21:51:58
320,Ilheus,-14.7889,-39.0494,78.62,89,75,11.5,BR,2021-10-22 21:47:17
321,Tura,25.5198,90.2201,64.78,76,1,3.44,IN,2021-10-22 21:51:58
322,Aviles,43.5547,-5.9248,56.77,80,40,4.0,ES,2021-10-22 21:51:59
323,Micheweni,-4.9667,39.8333,75.92,77,9,7.31,TZ,2021-10-22 21:51:59
324,Camana,-16.6228,-72.7111,64.0,75,54,8.05,PE,2021-10-22 21:51:59
325,Southbridge,42.0751,-72.0334,65.84,71,98,8.46,US,2021-10-22 21:52:00
326,Ereymentau,51.6199,73.1033,36.21,95,100,25.61,KZ,2021-10-22 21:52:00
327,Antofagasta,-23.65,-70.4,61.88,73,30,6.96,CL,2021-10-22 21:52:00
328,Elk Plain,47.0532,-122.3976,56.41,92,90,1.01,US,2021-10-22 21:52:00
329,Pozhva,59.0912,56.0847,46.94,86,100,10.92,RU,2021-10-22 21:52:01
330,Bandarban,22.1965,92.2262,69.04,96,32,1.95,BD,2021-10-22 21:52:01
331,Tiznit,29.5833,-9.5,62.62,78,0,2.95,MA,2021-10-22 21:52:02
332,Dobric,44.7019,19.5814,55.45,97,100,2.42,RS,2021-10-22 21:52:02
333,Qarayeri,40.7886,46.3066,47.28,76,20,4.61,AZ,2021-10-22 21:52:02
334,Hearst,49.6835,-83.6665,37.65,82,100,5.03,CA,2021-10-22 21:52:03
335,Lexington-Fayette,38.0498,-84.4585,56.89,76,90,5.75,US,2021-10-22 21:51:09
336,Hualmay,-11.0964,-77.6139,65.98,77,16,12.03,PE,2021-10-22 21:52:03
337,Iqaluit,63.7506,-68.5145,26.33,86,90,11.01,CA,2021-10-22 21:52:03
338,Patiya,22.2931,91.9762,69.71,90,56,3.38,BD,2021-10-22 21:52:04
339,Tallahassee,30.4383,-84.2807,86.2,60,75,6.91,US,2021-10-22 21:50:52
340,Vestmanna,62.1564,-7.1664,41.92,81,90,10.36,FO,2021-10-22 21:52:04
341,Saldanha,-33.0117,17.9442,59.05,90,100,26.51,ZA,2021-10-22 21:52:05
342,San Ramon,37.7799,-121.978,67.46,71,1,4.0,US,2021-10-22 21:52:05
343,Male,4.1748,73.5089,82.35,78,75,9.22,MV,2021-10-22 21:51:01
344,San Isidro,-12.1167,-77.05,63.25,80,75,1.01,PE,2021-10-22 21:52:05
345,Nome,64.5011,-165.4064,37.47,61,90,14.97,US,2021-10-22 21:52:06
346,Aksarka,66.5606,67.7975,26.83,96,96,7.2,RU,2021-10-22 21:52:06
347,Astoria,46.1879,-123.8313,61.72,78,90,1.01,US,2021-10-22 21:49:59
348,Ajdabiya,30.7554,20.2263,73.27,39,57,11.77,LY,2021-10-22 21:52:07
349,Algiers,36.7525,3.042,62.42,77,40,1.14,DZ,2021-10-22 21:48:36
350,Tanout,14.9709,8.8879,88.77,29,67,10.56,NE,2021-10-22 21:52:07
351,Sisophon,13.5859,102.9737,72.66,95,100,9.64,KH,2021-10-22 21:52:07
352,Nadym,65.5333,72.5167,28.51,86,95,9.24,RU,2021-10-22 21:52:08
353,Dharchula,29.85,80.5333,58.75,72,6,6.15,IN,2021-10-22 21:52:08
354,Arroyo,41.6096,-4.7969,50.14,77,0,1.01,ES,2021-10-22 21:52:08
355,Norrtalje,59.758,18.705,40.01,74,100,10.02,SE,2021-10-22 21:52:09
356,Carnarvon,-24.8667,113.6333,64.47,68,0,13.8,AU,2021-10-22 21:52:09
357,Strezhevoy,60.7333,77.5889,33.78,92,100,13.47,RU,2021-10-22 21:52:09
358,Baoning,25.3378,110.026,55.26,88,20,4.47,CN,2021-10-22 21:52:10
359,Yichang,30.7144,111.2847,52.56,72,67,1.92,CN,2021-10-22 21:52:10
360,Zhovtneve,50.6637,24.2492,52.25,55,49,17.67,UA,2021-10-22 21:52:10
361,Kavaratti,10.5669,72.642,81.32,78,46,4.65,IN,2021-10-22 21:52:11
362,Kalakamati,-20.5929,27.3121,73.45,45,21,5.06,BW,2021-10-22 21:52:11
363,Saint-Augustin,51.226,-58.6502,42.93,64,100,4.21,CA,2021-10-22 21:52:11
364,Grand-Lahou,5.1367,-5.0242,77.79,87,95,7.83,CI,2021-10-22 21:52:12
365,Balarampur,23.1167,86.2167,67.19,71,1,2.53,IN,2021-10-22 21:52:12
366,Samarinda,-0.5,117.15,73.11,96,100,2.24,ID,2021-10-22 21:52:12
367,Bakchar,57.0186,82.0711,37.11,62,100,14.07,RU,2021-10-22 21:52:13
368,Dali,25.7,100.1833,53.15,96,97,2.64,CN,2021-10-22 21:52:13
369,Waw,7.7029,27.9953,74.01,83,85,3.96,SS,2021-10-22 21:52:13
370,Galdar,28.147,-15.6502,70.36,68,17,11.88,ES,2021-10-22 21:52:14
371,Kupang,-10.1667,123.5833,79.38,94,20,4.61,ID,2021-10-22 21:52:14
372,Juneau,58.3019,-134.4197,50.05,92,90,1.01,US,2021-10-22 21:52:14
373,Santa Isabel Do Rio Negro,-0.4139,-65.0192,81.37,75,84,1.16,BR,2021-10-22 21:52:15
374,Mitrofanovka,49.9708,39.6939,50.63,76,75,8.08,RU,2021-10-22 21:52:15
375,Camacha,33.0833,-16.3333,66.52,68,75,10.36,PT,2021-10-22 21:52:15
376,Karpogory,64.0019,44.4451,31.21,99,100,4.23,RU,2021-10-22 21:52:16
377,Ust-Ishim,57.6935,71.1665,39.9,90,100,11.52,RU,2021-10-22 21:52:16
378,Panzhihua,26.5851,101.7128,56.14,88,98,0.98,CN,2021-10-22 21:52:16
379,Dingle,10.9995,122.6711,74.39,96,86,6.06,PH,2021-10-22 21:52:17
380,Corinto,37.9407,22.9573,69.46,77,3,4.47,GR,2021-10-22 21:52:17
381,Khandbari,27.3747,87.2039,64.11,97,99,0.89,NP,2021-10-22 21:52:17
382,Adrar,20.5022,-10.0711,76.23,21,2,9.08,MR,2021-10-22 21:52:18
383,Peniche,39.3558,-9.3811,63.63,85,0,14.5,PT,2021-10-22 21:52:18
384,Oranjestad,12.524,-70.027,84.15,79,20,21.85,AW,2021-10-22 21:52:18
385,Hof,50.3167,11.9167,44.46,86,100,13.0,DE,2021-10-22 21:52:19
386,Vostok,46.4856,135.8833,26.47,85,71,4.43,RU,2021-10-22 21:52:19
387,Sirjan,29.452,55.6814,54.55,30,0,3.11,IR,2021-10-22 21:52:19
388,College,64.8569,-147.8028,40.95,78,75,0.0,US,2021-10-22 21:48:21
389,Mehamn,71.0357,27.8492,32.11,67,99,14.32,NO,2021-10-22 21:52:20
390,Honiara,-9.4333,159.95,84.11,67,5,6.73,SB,2021-10-22 21:49:43
391,Praya,14.9215,-23.5087,81.14,69,0,13.8,CV,2021-10-22 21:52:20
392,Alegrete,-29.7831,-55.7919,69.46,68,0,8.5,BR,2021-10-22 21:52:20
393,Kaspiyskiy,45.3929,47.3707,52.79,78,0,2.82,RU,2021-10-22 21:52:21
394,Monrovia,6.3005,-10.7969,78.57,86,100,6.22,LR,2021-10-22 21:52:21
395,Santa Fe,-31.6333,-60.7,77.0,39,80,5.01,AR,2021-10-22 21:52:21
396,Kizilskoye,52.7255,58.8937,44.89,72,36,17.92,RU,2021-10-22 21:52:22
397,Kaoma,-14.7833,24.8,74.44,51,96,2.8,ZM,2021-10-22 21:52:22
398,Anloga,5.7947,0.8973,80.82,80,92,11.25,GH,2021-10-22 21:52:22
399,Ibanesti,46.7667,24.9333,45.86,82,93,1.36,RO,2021-10-22 21:52:23
400,Lake Havasu City,34.4839,-114.3224,87.24,13,1,3.0,US,2021-10-22 21:52:23
401,Banff,51.1762,-115.5698,51.03,57,100,8.05,CA,2021-10-22 21:52:23
402,Ukiah,39.1502,-123.2078,65.88,64,75,0.0,US,2021-10-22 21:52:24
403,Lebyazhye,55.2689,66.4947,44.55,79,100,20.47,RU,2021-10-22 21:52:24
404,Taikang,46.8333,124.4167,39.29,58,0,8.19,CN,2021-10-22 21:52:25
405,Hasaki,35.7333,140.8333,48.6,63,10,18.12,JP,2021-10-22 21:52:25
406,Kargopol,61.5071,38.9456,38.55,96,100,13.38,RU,2021-10-22 21:52:25
407,Kandrian,-6.2167,149.55,79.34,83,100,8.14,PG,2021-10-22 21:52:26
408,Shitanjing,39.2342,106.3439,40.44,75,55,5.64,CN,2021-10-22 21:52:26
409,Fairbanks,64.8378,-147.7164,40.96,80,75,0.0,US,2021-10-22 21:52:26
410,Chanika,-5.4167,38.0167,65.25,96,31,1.54,TZ,2021-10-22 21:52:27
411,Klaksvik,62.2266,-6.589,43.72,69,80,18.88,FO,2021-10-22 21:52:27
412,Ilebo,-4.3167,20.5833,70.56,97,83,1.21,CD,2021-10-22 21:52:27
413,Mingguang,32.7802,117.9638,51.91,55,99,3.49,CN,2021-10-22 21:52:28
414,Khandyga,62.6667,135.6,3.13,100,93,2.66,RU,2021-10-22 21:52:28
415,Balkhash,46.844,74.9804,39.69,51,73,13.06,KZ,2021-10-22 21:52:28
416,Sao Filipe,14.8961,-24.4956,81.81,61,0,8.86,CV,2021-10-22 21:52:29
417,Half Moon Bay,37.4636,-122.4286,68.11,76,1,6.91,US,2021-10-22 21:51:30
418,Kodinsk,58.6881,99.1844,38.12,85,94,5.68,RU,2021-10-22 21:52:29
419,Rawson,-43.3002,-65.1023,63.63,22,2,21.63,AR,2021-10-22 21:51:10
420,Bhanvad,21.9264,69.7736,74.62,71,7,6.24,IN,2021-10-22 21:52:30
421,Taoudenni,22.6783,-3.9836,80.87,23,1,6.44,ML,2021-10-22 21:52:30
422,Ribas Do Rio Pardo,-20.4431,-53.7592,82.44,44,29,8.32,BR,2021-10-22 21:52:30
423,Port Lincoln,-34.7333,135.8667,56.59,58,9,16.15,AU,2021-10-22 21:52:31
424,Tymovskoye,50.8456,142.655,27.99,91,72,6.13,RU,2021-10-22 21:52:31
425,Paita,-5.0892,-81.1144,72.16,80,64,16.46,PE,2021-10-22 21:52:31
426,Jining,35.405,116.5814,53.01,1,59,4.0,CN,2021-10-22 21:52:32
427,Komsomolskiy,40.4272,71.7189,43.52,61,100,4.61,UZ,2021-10-22 21:52:32
428,Ambilobe,-13.2,49.05,73.83,88,96,2.15,MG,2021-10-22 21:52:32
429,Trincomalee,8.5711,81.2335,80.4,80,73,2.95,LK,2021-10-22 21:52:33
430,Mabopane,-25.4977,28.1007,69.66,24,0,0.81,ZA,2021-10-22 21:52:33
431,Conde,-7.2597,-34.9075,80.06,78,20,8.05,BR,2021-10-22 21:52:07
432,Makakilo City,21.3469,-158.0858,84.52,59,75,11.5,US,2021-10-22 21:52:33
433,Cariati,39.4922,16.9594,64.27,63,87,3.49,IT,2021-10-22 21:52:34
434,Okhotsk,59.3833,143.3,17.69,84,82,13.27,RU,2021-10-22 21:52:34
435,Kungurtug,50.5994,97.5228,27.0,58,42,1.36,RU,2021-10-22 21:52:34
436,Beloha,-25.1667,45.05,65.32,72,100,11.05,MG,2021-10-22 21:52:35
437,Beatrice,40.2681,-96.747,75.18,37,1,8.05,US,2021-10-22 21:52:35
438,Gravdal,68.1214,13.5031,39.15,52,100,6.11,NO,2021-10-22 21:52:35
439,Madiun,-7.6298,111.5239,76.95,84,100,2.68,ID,2021-10-22 21:52:36
440,Koungheul,13.9833,-14.8,84.27,26,29,6.35,SN,2021-10-22 21:52:36
441,Vysotsk,60.6288,28.5705,37.85,88,100,15.84,RU,2021-10-22 21:52:36
442,Sydney Mines,46.2367,-60.2177,66.16,91,90,8.01,CA,2021-10-22 21:52:37
443,Pokosnoye,55.5258,101.0536,31.86,78,31,4.65,RU,2021-10-22 21:52:37
444,High Rock,26.6208,-78.2833,77.02,70,100,9.26,BS,2021-10-22 21:52:37
445,Ketchikan,55.3422,-131.6461,48.67,93,90,12.66,US,2021-10-22 21:52:37
446,Bella Union,-30.2752,-57.6007,71.08,53,0,6.8,UY,2021-10-22 21:52:38
447,Galle,6.0367,80.217,79.54,74,41,5.28,LK,2021-10-22 21:52:38
448,Esperance,-33.8667,121.9,48.04,79,1,6.82,AU,2021-10-22 21:52:38
449,Tautira,-17.7333,-149.15,77.02,84,89,23.64,PF,2021-10-22 21:52:39
450,Tuatapere,-46.1333,167.6833,60.71,59,100,1.14,NZ,2021-10-22 21:52:39
451,Aasiaat,68.7098,-52.8699,11.34,80,33,6.49,GL,2021-10-22 21:52:39
452,Terrace,54.5163,-128.6035,48.11,93,75,17.27,CA,2021-10-22 21:52:40
453,Rafaela,-31.2503,-61.4867,80.01,27,23,5.99,AR,2021-10-22 21:52:40
454,Vanavara,60.34,102.2797,33.26,86,90,5.88,RU,2021-10-22 21:52:40
455,Udachnyy,66.4167,112.4,18.41,94,91,8.99,RU,2021-10-22 21:52:41
456,Alice Town,25.7167,-79.3,81.19,74,100,11.54,BS,2021-10-22 21:52:41
457,Svetlaya,46.5389,138.3297,35.13,65,1,7.09,RU,2021-10-22 21:52:41
458,Jasper,37.2001,-94.3502,75.81,38,1,3.0,US,2021-10-22 21:52:42
459,Santiago De Chuco,-8.15,-78.1833,55.49,80,94,3.38,PE,2021-10-22 21:52:42
460,Fortuna,40.5982,-124.1573,60.91,67,90,1.01,US,2021-10-22 21:52:42
461,Brentwood,40.7812,-73.2462,69.1,69,40,4.0,US,2021-10-22 21:48:05
462,Goderich,43.7501,-81.7165,44.92,65,100,6.91,CA,2021-10-22 21:48:41
463,Spokane,47.6166,-117.3677,52.34,90,90,1.99,US,2021-10-22 21:52:43
464,Port Keats,-14.25,129.55,84.25,73,44,9.19,AU,2021-10-22 21:52:43
465,Oussouye,12.485,-16.5469,84.38,77,12,6.13,SN,2021-10-22 21:52:43
466,Genhe,50.7833,121.5167,23.94,96,52,3.33,CN,2021-10-22 21:52:44
467,Darhan,49.4867,105.9228,33.69,52,0,4.83,MN,2021-10-22 21:52:44
468,Machali,-34.1833,-70.6667,67.28,45,75,9.22,CL,2021-10-22 21:52:44
469,Fairview,40.8126,-73.999,68.49,63,100,3.0,US,2021-10-22 21:52:45
470,Caxito,-8.5785,13.6643,76.78,82,90,3.96,AO,2021-10-22 21:52:45
471,Awbari,26.5921,12.7805,78.26,21,68,9.93,LY,2021-10-22 21:52:45
472,Tuban,-6.8976,112.0649,80.01,78,100,2.93,ID,2021-10-22 21:52:46
473,Mount Isa,-20.7333,139.5,73.17,73,89,20.71,AU,2021-10-22 21:52:46
474,Tigil,57.8,158.6667,26.96,97,100,4.36,RU,2021-10-22 21:52:46
475,Bassano,50.7834,-112.4685,61.03,31,99,18.21,CA,2021-10-22 21:52:47
476,Urusha,54.05,122.9,30.15,85,8,2.24,RU,2021-10-22 21:52:47
477,Whittlesea,-32.1759,26.8244,58.66,35,88,10.58,ZA,2021-10-22 21:52:47
478,Ravar,31.2656,56.8055,54.9,32,0,2.21,IR,2021-10-22 21:52:47
479,Suntar,62.1444,117.6319,35.58,85,99,8.57,RU,2021-10-22 21:52:48
480,Iberia,29.9502,-91.7507,87.8,51,20,0.0,US,2021-10-22 21:52:48
481,Wembley,-31.9333,115.8,56.03,86,0,5.75,AU,2021-10-22 21:52:48
482,Kabwe,-14.4469,28.4464,71.46,46,46,4.43,ZM,2021-10-22 21:52:49
483,Bako,5.7833,36.5667,67.96,60,83,2.89,ET,2021-10-22 21:52:49
484,San Quintin,30.4833,-115.95,68.47,68,4,17.09,MX,2021-10-22 21:52:49
485,Qom,34.6401,50.8764,55.9,33,0,4.59,IR,2021-10-22 21:52:50
486,Fertoszentmiklos,47.59,16.8752,50.68,62,10,17.34,HU,2021-10-22 21:52:50
487,Gat,31.61,34.7642,69.4,69,0,5.75,IL,2021-10-22 21:48:04
488,Cabedelo,-6.9811,-34.8339,81.27,77,82,11.07,BR,2021-10-22 21:52:51
489,Takhtamygda,54.1,123.5667,30.38,88,9,1.77,RU,2021-10-22 21:52:51
490,Chicama,-7.8447,-79.1469,61.34,73,38,9.26,PE,2021-10-22 21:52:51
491,Carutapera,-1.195,-46.02,76.6,91,99,6.04,BR,2021-10-22 21:52:52
492,Lerwick,60.1545,-1.1494,39.2,63,34,6.04,GB,2021-10-22 21:52:52
493,Lagoa,39.05,-27.9833,68.52,80,75,13.44,PT,2021-10-22 21:52:52
494,Rio Gallegos,-51.6226,-69.2181,55.45,26,40,28.77,AR,2021-10-22 21:49:12
495,Manuk Mangkaw,4.8,119.85,80.06,82,100,9.78,PH,2021-10-22 21:52:53
496,Marsa Matruh,31.3525,27.2453,70.0,60,40,4.61,EG,2021-10-22 21:52:53
497,Chernyanka,50.9409,37.8069,51.17,56,50,7.23,RU,2021-10-22 21:52:53
498,Mogzon,51.7435,111.9606,27.61,71,0,2.8,RU,2021-10-22 21:52:54
499,Sultanpur,26.2667,82.0667,69.44,61,0,3.2,IN,2021-10-22 21:52:54
500,Brae,60.3964,-1.353,39.11,63,62,6.64,GB,2021-10-22 21:52:54
501,Lorengau,-2.0226,147.2712,83.64,71,91,8.79,PG,2021-10-22 21:52:54
502,Kysyl-Syr,63.8986,122.7617,31.82,96,100,8.12,RU,2021-10-22 21:52:55
503,Piranshahr,36.701,45.1413,46.29,71,0,1.77,IR,2021-10-22 21:52:55
504,Naze,28.3667,129.4833,67.12,57,69,15.28,JP,2021-10-22 21:52:55
505,Clyde River,70.4692,-68.5914,26.83,86,90,6.91,CA,2021-10-22 21:52:56
506,Polunochnoye,60.8697,60.4153,42.89,91,100,8.66,RU,2021-10-22 21:52:56
507,Santa Luzia,-19.7697,-43.8514,81.68,46,40,3.44,BR,2021-10-22 21:52:56
508,Caravelas,-17.7125,-39.2481,73.71,83,94,7.45,BR,2021-10-22 21:52:57
509,Yarada,17.65,83.2667,79.12,100,75,2.3,IN,2021-10-22 21:52:57
510,Pisco,-13.7,-76.2167,68.05,64,0,20.71,PE,2021-10-22 21:52:57
511,Svetlyy,54.675,20.1347,42.85,66,85,22.48,RU,2021-10-22 21:52:58
512,Boysun,38.2061,67.1986,37.87,59,3,2.19,UZ,2021-10-22 21:52:58
513,Guymon,36.6828,-101.4816,82.47,24,1,4.61,US,2021-10-22 21:52:58
514,Comodoro Rivadavia,-45.8667,-67.5,67.86,13,47,24.16,AR,2021-10-22 21:50:04
515,Rio Rancho,35.2334,-106.6645,78.44,17,1,1.01,US,2021-10-22 21:52:59
516,Mafra,-26.1114,-49.8053,60.28,80,3,2.13,BR,2021-10-22 21:52:59
517,Ust-Charyshskaya Pristan,52.3934,83.6635,39.2,54,27,17.25,RU,2021-10-22 21:52:59
518,Arman,59.7,150.1667,19.69,87,100,11.16,RU,2021-10-22 21:53:00
519,Cabra,37.4725,-4.4421,65.64,49,0,2.98,ES,2021-10-22 21:53:00
520,Itacurubi Del Rosario,-24.5,-56.6833,75.78,72,1,5.91,PY,2021-10-22 21:53:00
521,Kholodnyy,62.7167,147.95,0.61,98,97,1.23,RU,2021-10-22 21:53:01
522,Sainte-Anne-Des-Monts,49.124,-66.4924,51.67,100,100,2.3,CA,2021-10-22 21:53:01
523,Havoysund,70.9963,24.6622,29.28,62,100,13.8,NO,2021-10-22 21:53:01
524,Fort Frances,48.5999,-93.4003,42.17,75,90,5.01,CA,2021-10-22 21:52:04
525,Pacific Grove,36.6177,-121.9166,67.01,78,1,5.99,US,2021-10-22 21:51:49
526,Chupaca,-12.0667,-75.2833,64.62,42,87,1.83,PE,2021-10-22 21:53:02
527,Tarko-Sale,64.9225,77.785,29.88,91,99,15.41,RU,2021-10-22 21:53:02
528,Chipata,-13.6333,32.65,70.99,47,3,4.99,ZM,2021-10-22 21:53:03
529,Santa Cruz,-17.8,-63.1667,93.25,46,20,20.71,BO,2021-10-22 21:50:53
530,Tornio,65.8481,24.1466,30.22,78,100,17.83,FI,2021-10-22 21:53:03
531,Gort,53.0664,-8.8167,49.75,89,91,5.84,IE,2021-10-22 21:53:03
532,Sapa,5.1544,120.3241,78.01,86,100,4.47,PH,2021-10-22 21:53:04
533,Jalu,29.0331,21.5482,71.44,39,0,8.75,LY,2021-10-22 21:53:04
534,Magadan,59.5667,150.8,20.8,89,100,13.91,RU,2021-10-22 21:53:05
535,Jutai,-5.1833,-68.9,79.43,87,93,1.97,BR,2021-10-22 21:53:05
536,Seoul,37.5683,126.9778,44.04,90,1,2.3,KR,2021-10-22 21:49:12
537,Erenhot,43.6475,111.9767,37.24,41,6,5.12,CN,2021-10-22 21:53:05
538,Ucluelet,48.9329,-125.5528,58.95,83,78,1.01,CA,2021-10-22 21:49:05
539,Stornoway,58.2093,-6.3865,44.92,93,40,6.91,GB,2021-10-22 21:53:06
540,Ulladulla,-35.35,150.4667,68.88,59,5,3.38,AU,2021-10-22 21:53:06
541,Kharp,66.8014,65.8081,25.27,98,100,5.75,RU,2021-10-22 21:53:06
542,Falun,60.6036,15.626,39.61,82,47,9.13,SE,2021-10-22 21:53:07
543,Peto,20.1333,-88.9167,83.93,65,96,2.84,MX,2021-10-22 21:53:07
544,Teguldet,57.3064,88.1667,35.89,67,73,11.27,RU,2021-10-22 21:53:07
545,Bonanza,14.0289,-84.591,76.32,96,85,2.26,NI,2021-10-22 21:53:07
546,Bondoukou,8.0333,-2.8,73.36,88,72,5.14,CI,2021-10-22 21:53:08
547,Puerto Escondido,15.85,-97.0667,77.36,92,100,9.44,MX,2021-10-22 21:53:08
548,Mandali,33.7499,45.5541,72.77,22,0,8.28,IQ,2021-10-22 21:53:08
549,Ales,44.1333,4.0833,51.08,66,0,7.27,FR,2021-10-22 21:53:09
550,Kropotkin,45.4375,40.5756,52.07,69,0,6.58,RU,2021-10-22 21:53:09
551,Lufilufi,-13.8745,-171.5986,85.78,75,27,18.03,WS,2021-10-22 21:53:09
552,Todi,42.7799,12.4046,60.37,57,67,3.51,IT,2021-10-22 21:53:10
553,Teknaf,20.8624,92.3058,74.19,85,100,4.32,BD,2021-10-22 21:53:10
554,Barcelos,41.5388,-8.6151,60.91,71,0,4.74,PT,2021-10-22 21:53:10
555,Wuda,39.4994,106.7117,43.68,66,39,10.27,CN,2021-10-22 21:53:11
556,Buala,-8.145,159.5921,83.53,73,30,9.17,SB,2021-10-22 21:53:11
557,Woodward,36.4337,-99.3904,79.72,51,1,14.97,US,2021-10-22 21:53:11
558,Madimba,-10.4,40.3333,73.9,83,7,3.78,TZ,2021-10-22 21:53:12
559,Vardo,70.3705,31.1107,25.0,61,100,20.49,NO,2021-10-22 21:53:12
560,Puerto Leguizamo,-0.1934,-74.7819,78.73,89,96,1.57,CO,2021-10-22 21:53:12
561,Tambacounda,13.7539,-13.7586,84.25,74,0,4.61,SN,2021-10-22 21:53:13
562,Cochrane,51.1834,-114.4687,57.7,53,40,6.91,CA,2021-10-22 21:49:20
563,Itaberai,-16.0203,-49.8103,78.69,55,69,1.88,BR,2021-10-22 21:53:13
564,Maarianhamina,60.0973,19.9348,39.06,81,75,12.66,AX,2021-10-22 21:53:13
565,Manacapuru,-3.2997,-60.6206,79.38,68,98,3.24,BR,2021-10-22 21:53:14
566,Tuy Hoa,13.0833,109.3,76.46,92,99,4.36,VN,2021-10-22 21:53:14
567,Kano,12.0001,8.5167,74.73,72,17,8.23,NG,2021-10-22 21:53:14
568,Rio Verde De Mato Grosso,-18.9181,-54.8442,88.12,37,61,4.16,BR,2021-10-22 21:53:14
569,Kerema,-7.9631,145.7785,79.2,83,85,7.99,PG,2021-10-22 21:53:15
570,Salalah,17.0151,54.0924,75.09,74,81,2.37,OM,2021-10-22 21:53:15
571,Buraydah,26.326,43.975,75.65,32,0,8.99,SA,2021-10-22 21:53:16
572,Tezu,27.9167,96.1667,66.72,86,13,3.53,IN,2021-10-22 21:53:16
573,Necochea,-38.5473,-58.7368,54.03,85,100,7.18,AR,2021-10-22 21:53:16
574,Nivala,63.9167,24.9667,30.69,92,100,12.93,FI,2021-10-22 21:53:16
575,Ambulu,-8.345,113.6058,76.48,89,100,1.28,ID,2021-10-22 21:53:17
576,Tefe,-3.3542,-64.7114,89.71,66,20,2.3,BR,2021-10-22 21:53:17
577,Kaseda,31.4167,130.3167,52.84,73,39,9.75,JP,2021-10-22 21:53:18
578,Santa Rosa,14.3122,121.1114,79.86,79,95,7.05,PH,2021-10-22 21:53:18
579,Buta,2.7858,24.73,70.02,94,99,1.88,CD,2021-10-22 21:53:18
580,Swellendam,-34.0226,20.4417,61.18,59,100,10.49,ZA,2021-10-22 21:53:19
581,Iracoubo,5.4802,-53.2011,78.39,88,89,9.91,GF,2021-10-22 21:53:19
582,Ullal,12.8,74.85,79.75,89,75,0.0,IN,2021-10-22 21:53:19
583,Ljungby,56.8332,13.9408,48.79,81,31,9.55,SE,2021-10-22 21:53:20
584,Mount Gambier,-37.8333,140.7667,51.71,93,75,6.91,AU,2021-10-22 21:53:20
585,Te Karaka,-38.4654,177.8679,56.17,55,100,3.65,NZ,2021-10-22 21:53:20
586,Leh,34.1667,77.5833,34.56,68,100,5.53,IN,2021-10-22 21:53:20
587,Liverpool,53.4106,-2.9779,51.75,84,40,1.99,GB,2021-10-22 21:49:27
588,Westport,41.1415,-73.3579,67.78,66,94,4.0,US,2021-10-22 21:53:21
589,Valparaiso,-33.0393,-71.6273,67.64,51,0,13.8,CL,2021-10-22 21:48:59
590,Saint-Denis,48.9167,2.3333,50.77,87,0,3.44,FR,2021-10-22 21:53:21
591,Kristinehamn,59.3098,14.1081,41.58,62,69,13.24,SE,2021-10-22 21:53:22
592,Aripuana,-9.1667,-60.6333,82.71,68,100,1.1,BR,2021-10-22 21:53:22
593,Chaman,30.9236,66.4512,49.71,35,0,2.53,PK,2021-10-22 21:53:22
594,Mariani,26.6667,94.3333,69.15,92,70,0.63,IN,2021-10-22 21:53:23
595,Opuwo,-18.0607,13.84,65.79,27,6,9.33,NA,2021-10-22 21:53:23
596,Port Augusta,-32.5,137.7667,60.71,73,46,12.93,AU,2021-10-22 21:53:23
597,Houston,29.7633,-95.3633,89.29,60,1,3.0,US,2021-10-22 21:51:15
598,Kilrush,52.6397,-9.4833,49.87,86,99,9.53,IE,2021-10-22 21:53:23
599,Simplicio Mendes,-7.8539,-41.9103,82.85,53,69,2.71,BR,2021-10-22 21:53:24
600,Tomatlan,19.9333,-105.25,88.07,67,57,9.6,MX,2021-10-22 21:53:24
601,Ejido,8.5514,-71.2375,71.37,93,99,1.68,VE,2021-10-22 21:53:24
602,Los Llanos De Aridane,28.6585,-17.9182,69.55,68,90,12.66,ES,2021-10-22 21:53:25
603,Moindou,-21.6924,165.677,75.15,74,7,4.76,NC,2021-10-22 21:53:25
604,Bom Jardim,-7.7958,-35.5872,74.48,80,84,9.44,BR,2021-10-22 21:53:25
605,Nemuro,43.3236,145.575,47.14,79,98,3.2,JP,2021-10-22 21:53:26
606,San Vicente,-26.6167,-54.1333,66.65,63,0,2.84,AR,2021-10-22 21:53:26
607,Lovozero,68.005,35.0117,20.08,88,98,6.71,RU,2021-10-22 21:53:26
608,Viedma,-40.8135,-62.9967,57.27,37,0,10.63,AR,2021-10-22 21:50:26
609,Daguma,6.5867,124.5472,75.09,90,100,2.39,PH,2021-10-22 21:53:27
610,Yulara,-25.2406,130.9889,66.04,42,0,13.8,AU,2021-10-22 21:53:27
611,Berbera,10.4396,45.0143,83.79,60,20,8.86,SO,2021-10-22 21:53:27
612,Krasnoselkup,65.7,82.4667,32.16,99,100,12.15,RU,2021-10-22 21:53:28
613,Negombo,7.2083,79.8358,77.05,88,75,3.44,LK,2021-10-22 21:53:28
614,Borohradek,50.0978,16.0933,49.48,78,96,5.99,CZ,2021-10-22 21:53:28
615,Wainwright,52.839,-110.8572,51.71,40,77,20.83,CA,2021-10-22 21:53:29
616,Niquelandia,-14.4739,-48.4597,75.38,78,93,3.62,BR,2021-10-22 21:50:54
617,Samarai,-10.6167,150.6667,82.11,71,100,10.04,PG,2021-10-22 21:53:29
618,Villazon,-22.0866,-65.5942,68.29,5,39,29.17,BO,2021-10-22 21:53:29
619,Victor Harbor,-35.5667,138.6167,59.09,70,12,4.0,AU,2021-10-22 21:53:30
620,Podgorica,42.4411,19.2636,64.51,94,90,4.61,ME,2021-10-22 21:53:30
621,Bela,25.9333,81.9833,70.3,61,0,3.04,IN,2021-10-22 21:53:30
622,Letterkenny,54.95,-7.7333,44.73,96,100,3.8,IE,2021-10-22 21:53:31
623,Savannah Bight,16.45,-85.85,87.85,76,99,13.42,HN,2021-10-22 21:53:31
624,Ixtapa,20.7,-105.2,88.23,79,37,5.01,MX,2021-10-22 21:53:31
625,Almeirim,-1.5233,-52.5817,81.01,71,97,1.41,BR,2021-10-22 21:53:32
626,Alofi,-19.0595,-169.9187,78.69,57,81,14.97,NU,2021-10-22 21:53:32
627,Masumbwe,-3.6333,32.1833,68.27,77,14,3.38,TZ,2021-10-22 21:53:32
628,Rudnogorsk,57.2639,103.7519,31.37,83,100,4.54,RU,2021-10-22 21:53:32
629,Maceio,-9.6658,-35.7353,81.84,83,0,9.22,BR,2021-10-22 21:53:33
630,Sibolga,1.7427,98.7792,77.11,83,100,2.26,ID,2021-10-22 21:53:33
631,Rorvik,64.8621,11.2373,39.27,58,94,6.89,NO,2021-10-22 21:53:33
632,Mayo,38.8876,-76.5119,68.13,68,90,1.99,US,2021-10-22 21:53:34
633,Cairns,-16.9167,145.7667,84.11,80,96,8.05,AU,2021-10-22 21:53:34
634,Cabinda,-5.55,12.2,77.85,82,62,7.78,AO,2021-10-22 21:53:34
635,Batemans Bay,-35.7167,150.1833,65.91,58,10,3.65,AU,2021-10-22 21:53:34
636,Marabba,12.35,32.1833,87.75,34,48,7.7,SD,2021-10-22 21:53:35
637,Eureka,40.8021,-124.1637,61.18,73,69,8.01,US,2021-10-22 21:53:35
638,Ternate,0.8,127.4,81.0,76,76,2.13,ID,2021-10-22 21:53:35
639,Sept-Iles,50.2001,-66.3821,47.05,96,90,8.99,CA,2021-10-22 21:51:35
640,Kahului,20.8947,-156.47,87.82,58,20,24.16,US,2021-10-22 21:53:36
641,Areia Branca,-4.9561,-37.1369,82.6,76,72,16.13,BR,2021-10-22 21:53:36
642,Berekum,7.4534,-2.584,71.4,97,67,4.68,GH,2021-10-22 21:53:36
643,Yerbogachen,61.2767,108.0108,31.48,91,74,6.24,RU,2021-10-22 21:53:37
644,Asyut,27.181,31.1837,69.98,48,32,11.36,EG,2021-10-22 21:53:37
645,Penal,10.1667,-61.4667,83.01,86,90,11.16,TT,2021-10-22 21:53:37
646,Saint-Pierre,-21.3393,55.4781,73.08,82,0,3.44,RE,2021-10-22 21:53:38
647,Srikakulam,18.3,83.9,76.5,87,97,4.9,IN,2021-10-22 21:53:38
648,Lavrentiya,65.5833,-171.0,23.63,82,100,12.66,RU,2021-10-22 21:53:38
649,Bacolod,10.6667,122.95,77.07,86,92,7.4,PH,2021-10-22 21:53:23
650,Aykhal,66.0,111.5,17.47,95,91,4.29,RU,2021-10-22 21:53:39
651,Leshukonskoye,64.8989,45.7622,29.68,97,100,8.52,RU,2021-10-22 21:53:39
652,Xingcheng,40.6167,120.7167,46.38,48,0,3.4,CN,2021-10-22 21:53:39
653,Dakar,14.6937,-17.4441,82.53,74,0,2.3,SN,2021-10-22 21:53:40
654,Mayumba,-3.432,10.6554,77.02,87,96,6.73,GA,2021-10-22 21:53:40
655,Ormara,25.2088,64.6357,79.57,35,0,16.11,PK,2021-10-22 21:53:40
656,Sao Jose Da Coroa Grande,-8.8978,-35.1478,79.05,82,5,9.84,BR,2021-10-22 21:53:41
657,Maragogi,-9.0122,-35.2225,78.87,82,4,9.71,BR,2021-10-22 21:53:41
658,Okato,-39.2,173.8833,57.42,61,100,10.2,NZ,2021-10-22 21:53:41
659,Brigantine,39.4101,-74.3646,68.29,63,90,10.36,US,2021-10-22 21:53:41
660,Flinders,-34.5833,150.8552,71.38,70,2,6.08,AU,2021-10-22 21:53:42
661,Jalcocotan,21.4667,-105.1167,83.77,68,23,6.51,MX,2021-10-22 21:53:42
662,Kushiro,42.975,144.3747,43.11,87,82,6.62,JP,2021-10-22 21:53:42
663,Ambon,-3.6954,128.1814,75.34,94,40,6.91,ID,2021-10-22 21:53:43
664,Sikonge,-5.6333,32.7667,78.58,37,100,0.6,TZ,2021-10-22 21:53:43
665,Torres,-29.3353,-49.7269,64.67,84,0,2.42,BR,2021-10-22 21:53:43
666,Fernie,49.5,-115.0687,52.0,70,100,4.38,CA,2021-10-22 21:53:44
667,Shebalino,51.2917,85.6772,28.15,81,75,6.44,RU,2021-10-22 21:53:44
668,Methoni,36.8197,21.7049,65.21,74,32,7.72,GR,2021-10-22 21:53:44
669,Sanchez,19.2281,-69.6137,86.02,70,20,6.91,DO,2021-10-22 21:53:44
670,Portland,45.5234,-122.6762,60.37,87,90,1.01,US,2021-10-22 21:53:45
671,Jinchang,38.4953,102.1739,43.5,63,23,3.0,CN,2021-10-22 21:53:45
672,Coruripe,-10.1256,-36.1756,78.31,85,3,12.24,BR,2021-10-22 21:53:45
673,Payo,-3.7508,103.6372,71.8,96,100,1.72,ID,2021-10-22 21:53:46
674,Vrede,-27.4257,29.1659,53.38,38,7,2.95,ZA,2021-10-22 21:53:46
675,Srednekolymsk,67.45,153.6833,-12.53,99,25,1.32,RU,2021-10-22 21:53:46
676,Augustow,53.8432,22.9798,42.26,84,85,13.02,PL,2021-10-22 21:53:47
677,Saint-Francois,46.4154,3.9054,37.67,93,0,2.3,FR,2021-10-22 21:53:47
678,Correntina,-13.3433,-44.6367,73.78,82,100,9.71,BR,2021-10-22 21:53:47
679,Buncrana,55.1333,-7.45,45.52,94,97,5.75,IE,2021-10-22 21:53:47
680,Port Hardy,50.6996,-127.4199,53.78,76,75,5.75,CA,2021-10-22 21:53:48
681,Rabo De Peixe,37.8,-25.5833,69.31,68,40,8.05,PT,2021-10-22 21:53:48
682,Tromso,69.6496,18.957,30.38,59,40,2.3,NO,2021-10-22 21:53:49
683,Heidenau,50.9722,13.8674,47.01,83,40,1.99,DE,2021-10-22 21:53:49
